{"cameraMode":{"drawMode":0,"name":"Shaded","section":"Shading Mode"},"sceneLighting":false,"audioPlay":false,"sceneViewState":{"showFog":true,"showMaterialUpdate":false,"showSkybox":true,"showFlares":true,"showImageEffects":true,"showParticleSystems":true},"in2DMode":false,"pivot":{"x":10.79925537109375,"y":2.0932796001434328,"z":-11.755887031555176},"rotation":{"x":0.004737337119877338,"y":-0.17429529130458833,"z":0.0008373978198505938,"w":0.9846881628036499},"size":6.016757488250732,"orthographic":false}