{"cameraMode":{"drawMode":0,"name":"Shaded","section":"Shading Mode"},"sceneLighting":false,"audioPlay":false,"sceneViewState":{"showFog":true,"showMaterialUpdate":false,"showSkybox":false,"showFlares":true,"showImageEffects":true,"showParticleSystems":true},"in2DMode":false,"pivot":{"x":-10.878798484802246,"y":1.562500238418579,"z":-28.794586181640626},"rotation":{"x":-0.1331486701965332,"y":-0.8629879355430603,"z":0.2973141074180603,"w":-0.3862720727920532},"size":8.258464813232422,"orthographic":false}