{"cameraMode":{"drawMode":0,"name":"Shaded","section":"Shading Mode"},"sceneLighting":false,"audioPlay":false,"sceneViewState":{"showFog":true,"showMaterialUpdate":false,"showSkybox":false,"showFlares":true,"showImageEffects":true,"showParticleSystems":true},"in2DMode":false,"pivot":{"x":-13.597695350646973,"y":1.5,"z":-33.45459747314453},"rotation":{"x":-0.02932686358690262,"y":-0.7109419703483582,"z":-0.029616551473736764,"w":0.7020692229270935},"size":3.3577404022216799,"orthographic":false}