{"cameraMode":{"drawMode":0,"name":"Shaded","section":"Shading Mode"},"sceneLighting":true,"audioPlay":false,"sceneViewState":{"showFog":true,"showMaterialUpdate":false,"showSkybox":true,"showFlares":true,"showImageEffects":true,"showParticleSystems":true},"in2DMode":false,"pivot":{"x":-12.227108001708985,"y":1.0484241247177125,"z":-30.47210121154785},"rotation":{"x":0.0017963453428819776,"y":-0.9901154041290283,"z":-0.013067817315459252,"w":-0.13990925252437592},"size":4.533974647521973,"orthographic":false}