{"cameraMode":{"drawMode":0,"name":"Shaded","section":"Shading Mode"},"sceneLighting":false,"audioPlay":false,"sceneViewState":{"showFog":true,"showMaterialUpdate":false,"showSkybox":false,"showFlares":true,"showImageEffects":true,"showParticleSystems":true},"in2DMode":false,"pivot":{"x":7.540000915527344,"y":1.5000001192092896,"z":3.131150245666504},"rotation":{"x":0.1501302421092987,"y":0.42119890451431277,"z":-0.07091829180717468,"w":0.8916454315185547},"size":8.322169303894043,"orthographic":false}