{"cameraMode":{"drawMode":0,"name":"Shaded","section":"Shading Mode"},"sceneLighting":false,"audioPlay":false,"sceneViewState":{"showFog":true,"showMaterialUpdate":false,"showSkybox":false,"showFlares":true,"showImageEffects":true,"showParticleSystems":true},"in2DMode":false,"pivot":{"x":-0.09491944313049317,"y":2.4667060375213625,"z":1.8595709800720215},"rotation":{"x":-0.17474424839019776,"y":0.6723102927207947,"z":-0.16795635223388673,"w":-0.6994721293449402},"size":3.7319834232330324,"orthographic":false}