{"cameraMode":{"drawMode":0,"name":"Shaded","section":"Shading Mode"},"sceneLighting":true,"audioPlay":false,"sceneViewState":{"showFog":true,"showMaterialUpdate":false,"showSkybox":true,"showFlares":true,"showImageEffects":true,"showParticleSystems":true},"in2DMode":false,"pivot":{"x":-0.252294659614563,"y":0.8108036518096924,"z":19.439943313598634},"rotation":{"x":-0.3026694357395172,"y":-0.2567752003669739,"z":0.08503718674182892,"w":-0.9139130115509033},"size":2.08564829826355,"orthographic":false}